{"cameraMode":{"drawMode":0,"name":"Shaded","section":"Shading Mode"},"sceneLighting":true,"audioPlay":false,"sceneViewState":{"m_AlwaysRefresh":false,"showFog":true,"showSkybox":true,"showFlares":true,"showImageEffects":true,"showParticleSystems":true,"showVisualEffectGraphs":true,"m_FxEnabled":true},"in2DMode":false,"pivot":{"x":-34.16957092285156,"y":-19.083444595336915,"z":34.512691497802737},"rotation":{"x":0.17841990292072297,"y":-0.40154990553855898,"z":0.08004993945360184,"w":0.8948004841804504},"size":33.107994079589847,"orthographic":false}